{
  "app": {
    "name": "Intern Food Tiger",
    "description": "InternFood Tiger Admin Parnel"
  },
  "superadminmenu": [
    {
      "text": "Main",
      "group": true,
      "children": [
        {
          "text": "Dashboard",
          "link": "/dashboard",
          "icon": {
            "type": "icon",
            "value": "appstore"
          }
        },
        {
          "text": "Menu",
          "link": "/Menu/MenuDetail",
          "icon": {
            "type": "icon",
            "value": "file-markdown"
          }
        },
        {
          "text": "Order",
          "link": "/",
          "icon": {
            "type": "icon",
            "value": "shopping-cart"
          }
        },
        {
          "text": "Customer",
          "link": "/Customer/CustomerUserDetail",
          "icon": {
            "type": "icon",
            "value": "user"
          }
        },
        {
          "text": "Admin Employee",
          "group": true,
          "icon": {
            "type": "icon",
            "value": "team"
          },
          "children": [
            {
              "text": "Admin",
              "link": "/Admin/AdminUserDetail",
              "icon": {
                "type": "icon",
                "value": "setting"
              }
            },
            {
              "text": "Deliver Man",
              "link": "/",
              "icon": {
                "type": "icon",
                "value": "car"
              }
            }
          ]
        }
      ]
    }
  ],
  "adminmenu": [
    {
      "text": "Main",
      "group": true,
      "children": [
        {
          "text": "Dashboard",
          "link": "/dashboard",
          "icon": {
            "type": "icon",
            "value": "appstore"
          }
        },
        {
          "text": "Menu",
          "link": "/Menu/MenuDetail",
          "icon": {
            "type": "icon",
            "value": "file-markdown"
          }
        },
        {
          "text": "Order",
          "link": "/",
          "icon": {
            "type": "icon",
            "value": "shopping-cart"
          }
        },
        {
          "text": "Customer",
          "link": "/Customer/CustomerUserDetail",
          "icon": {
            "type": "icon",
            "value": "user"
          }
        },
        {
          "text": "Admin Employee",
          "group": true,
          "icon": {
            "type": "icon",
            "value": "team"
          },
          "children": [
            {
              "text": "Deliver Man",
              "link": "/",
              "icon": {
                "type": "icon",
                "value": "car"
              }
            }
          ]
        }
      ]
    }
  ]
}
