{
  "generator-ngx-rocket": {
    "version": "10.0.0",
    "props": {
      "location": "path",
      "strict": true,
      "skipInstall": false,
      "skipQuickstart": false,
      "initGit": true,
      "usePrefix": true,
      "appName": "FoodTiger",
      "target": [
        "cordova"
      ],
      "mobile": [
        "ios",
        "android"
      ],
      "ui": "ionic",
      "layout": "tabs",
      "features": [
        "auth",
        "lazy"
      ],
      "languages": [
        "en-US",
        "zh-CN"
      ],
      "tools": [
        "prettier",
        "hads",
        "puppeteer"
      ],
      "utility": [
        "ramda"
      ],
      "projectName": "food-tiger",
      "packageManager": "npm",
      "desktop": [],
      "deploy": "none",
      "pwa": false,
      "auth": true,
      "lazy": true,
      "e2e": false,
      "angulartics": false
    }
  }
}
